Currency,Date,Open,High,Low,Close,Volume,Market Cap
tezos,4-Dec-19,1.29,1.32,1.25,1.25,"46,048,752","824,588,509"
tezos,3-Dec-19,1.24,1.32,1.21,1.29,"41,462,224","853,213,342"
tezos,2-Dec-19,1.25,1.26,1.2,1.24,"27,574,097","817,872,179"
tezos,1-Dec-19,1.33,1.34,1.25,1.25,"24,127,567","828,296,390"
tezos,30-Nov-19,1.31,1.37,1.31,1.33,"28,706,667","879,181,680"
tezos,29-Nov-19,1.28,1.34,1.28,1.31,"32,270,224","867,085,098"
tezos,28-Nov-19,1.26,1.35,1.22,1.28,"44,240,281","845,073,679"
tezos,27-Nov-19,1.24,1.27,1.16,1.26,"47,723,271","829,672,736"
tezos,26-Nov-19,1.24,1.28,1.23,1.24,"54,828,808","822,065,277"
tezos,25-Nov-19,1.33,1.33,1.21,1.24,"64,954,006","815,688,075"
tezos,24-Nov-19,1.4,1.42,1.31,1.34,"49,206,070","887,731,654"
tezos,23-Nov-19,1.22,1.42,1.22,1.39,"123,832,790","920,735,790"
tezos,22-Nov-19,1.21,1.28,1.08,1.22,"69,312,275","804,427,044"
tezos,21-Nov-19,1.21,1.29,1.18,1.21,"53,020,027","800,257,863"
tezos,20-Nov-19,1.22,1.25,1.17,1.21,"33,605,071","801,174,969"
tezos,19-Nov-19,1.23,1.25,1.15,1.22,"35,796,763","805,231,584"
tezos,18-Nov-19,1.16,1.26,1.16,1.23,"37,602,915","813,744,878"
tezos,17-Nov-19,1.16,1.18,1.15,1.16,"22,483,167","767,707,353"
tezos,16-Nov-19,1.17,1.18,1.16,1.16,"26,689,028","768,303,560"
tezos,15-Nov-19,1.22,1.26,1.15,1.17,"32,203,363","773,992,543"
tezos,14-Nov-19,1.13,1.3,1.11,1.22,"41,978,349","808,582,829"
tezos,13-Nov-19,1.17,1.17,1.12,1.13,"23,410,839","746,750,215"
tezos,12-Nov-19,1.18,1.2,1.15,1.17,"23,591,140","771,905,281"
tezos,11-Nov-19,1.23,1.24,1.17,1.18,"25,012,739","776,358,941"
tezos,10-Nov-19,1.25,1.25,1.19,1.23,"31,134,799","812,505,004"
tezos,9-Nov-19,1.17,1.26,1.15,1.24,"34,760,712","819,630,519"
tezos,8-Nov-19,1.22,1.28,1.12,1.17,"44,195,683","770,094,896"
tezos,7-Nov-19,1.02,1.44,1.02,1.22,"92,805,360","805,246,128"
tezos,6-Nov-19,0.927547,1.05,0.902417,1.02,"26,095,931","673,756,212"
tezos,5-Nov-19,0.891802,0.929289,0.877752,0.927137,"13,420,498","612,256,490"
tezos,4-Nov-19,0.868023,0.907127,0.8646,0.891802,"16,511,023","588,922,638"
tezos,3-Nov-19,0.865785,0.874167,0.848911,0.868879,"11,444,717","573,784,519"
tezos,2-Nov-19,0.878443,0.886302,0.857435,0.865528,"9,944,483","571,571,532"
tezos,1-Nov-19,0.889461,0.891029,0.863507,0.877941,"12,684,201","579,768,933"
tezos,31-Oct-19,0.914068,0.924062,0.873981,0.890512,"13,120,625","588,070,905"
tezos,30-Oct-19,0.878168,0.969414,0.774601,0.914079,"23,084,998","603,633,344"
tezos,29-Oct-19,0.871995,0.917937,0.82545,0.878892,"19,713,852","580,397,277"
tezos,28-Oct-19,0.879748,0.928777,0.768318,0.875315,"24,337,121","578,034,790"
tezos,27-Oct-19,0.836378,0.890216,0.688631,0.875154,"23,186,370","577,928,349"
tezos,26-Oct-19,0.833823,0.92603,0.818766,0.831994,"20,293,463","549,426,804"
tezos,25-Oct-19,0.767532,0.842798,0.762231,0.834757,"16,862,309","551,251,771"
tezos,24-Oct-19,0.761316,0.780364,0.754028,0.768243,"14,425,427","507,327,662"
tezos,23-Oct-19,0.838904,0.839336,0.755143,0.761316,"14,131,553","502,752,829"
tezos,22-Oct-19,0.870816,0.879914,0.833186,0.838575,"11,567,380","553,772,790"
tezos,21-Oct-19,0.877297,0.889119,0.866837,0.871432,"11,434,852","575,470,528"
tezos,20-Oct-19,0.86545,0.884321,0.861892,0.877438,"9,297,806","579,437,174"
tezos,19-Oct-19,0.879461,0.890271,0.861758,0.865266,"10,127,092","571,399,102"
bitcoin,4-Dec-19,"7,320.13","7,539.78","7,170.92","7,252.03","21,664,240,918","131,143,073,943"
bitcoin,3-Dec-19,"7,323.98","7,418.86","7,229.36","7,320.15","14,797,485,769","132,359,942,301"
bitcoin,2-Dec-19,"7,424.04","7,474.82","7,233.40","7,321.99","17,082,040,706","132,378,982,377"
bitcoin,1-Dec-19,"7,571.62","7,571.62","7,291.34","7,424.29","18,720,708,479","134,215,145,410"
bitcoin,30-Nov-19,"7,764.06","7,836.10","7,515.85","7,569.63","17,158,194,786","136,829,391,049"
bitcoin,29-Nov-19,"7,466.73","7,781.18","7,460.76","7,761.24","19,709,695,456","140,280,108,521"
bitcoin,28-Nov-19,"7,536.82","7,730.07","7,454.12","7,463.11","19,050,116,751","134,879,411,013"
bitcoin,27-Nov-19,"7,220.88","7,619.69","6,974.17","7,531.66","23,991,412,764","136,102,712,894"
bitcoin,26-Nov-19,"7,145.16","7,320.23","7,098.57","7,218.37","21,129,505,542","130,429,018,720"
bitcoin,25-Nov-19,"7,039.98","7,319.86","6,617.17","7,146.13","42,685,231,262","129,112,952,930"
bitcoin,24-Nov-19,"7,398.63","7,408.58","7,029.29","7,047.92","30,433,517,289","127,327,398,565"
bitcoin,23-Nov-19,"7,296.16","7,442.26","7,151.42","7,397.80","21,008,924,418","133,636,205,957"
bitcoin,22-Nov-19,"7,643.57","7,697.38","6,936.71","7,296.58","34,242,315,785","131,791,783,672"
bitcoin,21-Nov-19,"8,023.64","8,110.10","7,597.38","7,642.75","22,514,243,371","138,031,885,379"
bitcoin,20-Nov-19,"8,203.61","8,237.24","8,010.51","8,027.27","20,764,300,437","144,962,727,398"
bitcoin,19-Nov-19,"8,305.13","8,408.52","8,099.96","8,206.15","21,083,613,816","148,178,376,843"
bitcoin,18-Nov-19,"8,573.98","8,653.28","8,273.57","8,309.29","21,579,470,673","150,025,712,267"
bitcoin,17-Nov-19,"8,549.47","8,727.79","8,500.97","8,577.98","18,668,638,897","154,861,842,425"
bitcoin,16-Nov-19,"8,491.17","8,592.00","8,473.97","8,550.76","16,495,389,808","154,354,054,194"
bitcoin,15-Nov-19,"8,705.71","8,730.87","8,484.84","8,491.99","21,796,856,471","153,277,483,626"
bitcoin,14-Nov-19,"8,811.94","8,826.94","8,692.55","8,708.10","19,084,739,975","157,160,974,644"
bitcoin,13-Nov-19,"8,812.03","8,836.84","8,761.65","8,808.26","17,545,755,405","158,949,942,842"
bitcoin,12-Nov-19,"8,759.75","8,853.77","8,685.43","8,815.66","20,309,769,107","159,068,712,900"
bitcoin,11-Nov-19,"9,056.92","9,081.28","8,700.61","8,757.79","20,265,510,765","158,009,772,437"
bitcoin,10-Nov-19,"8,812.49","9,103.83","8,806.16","9,055.53","20,587,919,881","163,364,406,732"
bitcoin,9-Nov-19,"8,809.47","8,891.82","8,793.16","8,813.58","17,578,630,606","158,981,489,715"
bitcoin,8-Nov-19,"9,265.37","9,272.76","8,775.53","8,804.88","24,333,037,836","158,808,570,729"
bitcoin,7-Nov-19,"9,352.39","9,368.48","9,202.35","9,267.56","22,700,383,839","167,138,722,904"
bitcoin,6-Nov-19,"9,340.86","9,423.24","9,305.91","9,360.88","23,133,895,765","168,806,151,583"
bitcoin,5-Nov-19,"9,413.00","9,457.42","9,256.93","9,342.53","26,198,609,048","168,459,778,835"
bitcoin,4-Nov-19,"9,235.61","9,505.05","9,191.49","9,412.61","26,170,255,634","169,706,332,936"
bitcoin,3-Nov-19,"9,324.79","9,379.81","9,141.25","9,235.35","21,132,220,847","166,495,319,475"
bitcoin,2-Nov-19,"9,259.78","9,377.49","9,249.59","9,324.72","21,242,676,385","168,090,392,935"
bitcoin,1-Nov-19,"9,193.99","9,275.66","9,132.05","9,261.10","24,324,691,031","166,928,044,164"
bitcoin,31-Oct-19,"9,202.46","9,383.16","9,028.72","9,199.58","26,583,653,947","165,804,227,835"
bitcoin,30-Oct-19,"9,422.46","9,426.87","9,085.37","9,205.73","27,706,531,577","165,899,500,650"
bitcoin,29-Oct-19,"9,248.44","9,516.18","9,232.65","9,427.69","28,426,779,937","169,883,866,262"
bitcoin,28-Oct-19,"9,565.10","9,805.12","9,256.15","9,256.15","30,948,255,332","166,777,392,742"
bitcoin,27-Oct-19,"9,241.71","9,749.53","9,112.54","9,551.71","32,593,129,501","172,087,039,875"
bitcoin,26-Oct-19,"8,667.58","10,021.74","8,662.62","9,244.97","44,496,255,609","166,547,360,782"
bitcoin,25-Oct-19,"7,490.70","8,691.54","7,479.98","8,660.70","28,705,065,488","156,006,603,607"
bnb,4-Dec-19,15.35,15.69,15.01,15.28,"237,605,471","2,376,597,490"
bnb,3-Dec-19,15.19,15.55,15.05,15.31,"219,927,266","2,381,198,047"
bnb,2-Dec-19,15.51,15.71,15.15,15.19,"200,809,249","2,362,891,697"
bnb,1-Dec-19,15.74,15.74,15.05,15.5,"203,268,417","2,410,249,227"
bnb,30-Nov-19,16.26,16.37,15.54,15.72,"213,428,131","2,444,407,390"
bnb,29-Nov-19,15.68,16.34,15.65,16.27,"250,074,235","2,531,096,195"
bnb,28-Nov-19,16.1,16.23,15.65,15.68,"194,516,396","2,439,314,462"
bnb,27-Nov-19,15.49,16.2,14.94,16.1,"255,021,618","2,503,874,750"
bnb,26-Nov-19,15.27,15.86,15.23,15.53,"205,893,351","2,415,058,208"
bnb,25-Nov-19,15.29,15.74,14.2,15.27,"242,510,343","2,374,635,550"
bnb,24-Nov-19,16.4,16.49,15.28,15.28,"232,363,837","2,376,408,889"
bnb,23-Nov-19,15.58,16.47,15.15,16.42,"255,961,052","2,553,835,169"
bnb,22-Nov-19,16.84,17.27,14.69,15.58,"341,456,274","2,423,526,845"
bnb,21-Nov-19,18.16,18.19,16.62,16.84,"228,429,806","2,619,271,948"
bnb,20-Nov-19,18.71,18.93,17.85,18.17,"210,091,849","2,826,455,734"
bnb,19-Nov-19,19.31,19.63,18.38,18.7,"206,923,366","2,909,049,614"
bnb,18-Nov-19,20.34,20.43,18.94,19.32,"224,380,017","3,004,482,390"
bnb,17-Nov-19,20.28,20.62,20.03,20.26,"224,982,344","3,151,297,091"
bnb,16-Nov-19,20.32,20.63,20.09,20.28,"211,016,746","3,154,697,160"
bnb,15-Nov-19,21.24,21.29,20.18,20.32,"225,530,775","3,159,918,981"
bnb,14-Nov-19,21.28,21.51,20.97,21.26,"237,992,230","3,307,441,359"
bnb,13-Nov-19,20.87,21.64,20.71,21.25,"252,296,146","3,305,222,292"
bnb,12-Nov-19,20.14,20.86,20.09,20.86,"227,650,068","3,244,098,617"
bnb,11-Nov-19,20.48,20.64,19.92,20.13,"209,454,454","3,131,442,373"
bnb,10-Nov-19,19.73,20.63,19.73,20.48,"239,714,468","3,185,665,329"
bnb,9-Nov-19,19.68,19.98,19.6,19.74,"176,812,608","3,069,586,392"
bnb,8-Nov-19,20.69,20.69,19.47,19.69,"184,596,047","3,062,638,047"
bnb,7-Nov-19,20.81,20.96,20.25,20.65,"222,003,636","3,211,356,528"
bnb,6-Nov-19,20.72,20.92,20.28,20.82,"241,489,968","3,237,951,225"
bnb,5-Nov-19,20.74,20.92,20.45,20.72,"263,685,442","3,223,447,634"
bnb,4-Nov-19,20.23,20.92,20.18,20.74,"296,502,530","3,225,517,472"
bnb,3-Nov-19,20.27,20.43,19.89,20.21,"257,571,666","3,142,781,986"
bnb,2-Nov-19,20.02,20.4,19.86,20.27,"273,890,078","3,152,261,627"
bnb,1-Nov-19,19.99,20.06,19.78,20.02,"198,377,285","3,114,078,497"
bnb,31-Oct-19,20.1,20.4,19.54,20,"250,225,840","3,110,770,519"
bnb,30-Oct-19,20.49,20.58,19.23,20.09,"250,293,832","3,124,258,265"
bnb,29-Oct-19,19.81,20.92,19.7,20.48,"317,609,149","3,184,941,705"
bnb,28-Oct-19,19.34,20.9,19.31,19.76,"337,867,337","3,073,144,009"
bnb,27-Oct-19,18.89,19.59,18.57,19.35,"292,948,855","3,008,958,175"
bnb,26-Oct-19,18.63,19.78,18.18,18.89,"292,124,012","2,938,042,518"
bitcoin-cash,4-Dec-19,212.68,216.6,205.89,209.29,"1,441,054,845","3,798,514,529"
bitcoin-cash,3-Dec-19,215.5,217.16,211.62,212.86,"1,072,206,668","3,862,794,370"
bitcoin-cash,2-Dec-19,216.38,218.92,212.36,215.66,"1,164,376,888","3,913,199,174"
bitcoin-cash,1-Dec-19,218.99,219.26,212.5,216.17,"1,260,404,762","3,922,144,119"
bitcoin-cash,30-Nov-19,224.98,226.76,217.43,218.91,"1,309,092,627","3,971,434,832"
bitcoin-cash,29-Nov-19,218.89,225.69,218.44,224.81,"1,475,684,082","4,078,066,144"
bitcoin-cash,28-Nov-19,220.12,226.24,218.58,218.74,"1,391,327,826","3,967,553,739"
bitcoin-cash,27-Nov-19,212.36,224.12,206.61,220.41,"1,963,457,159","3,997,547,767"
bitcoin-cash,26-Nov-19,208.78,214.93,208.35,212.93,"1,808,857,014","3,861,504,453"
bitcoin-cash,25-Nov-19,205.24,215.3,194.76,209.24,"2,401,604,928","3,794,036,862"
bitcoin-cash,24-Nov-19,217.29,217.91,205.14,205.15,"2,128,845,957","3,719,555,398"
bitcoin-cash,23-Nov-19,209.1,217.36,202.89,217.34,"2,407,778,555","3,940,197,869"
bitcoin-cash,22-Nov-19,226.7,229.26,198.15,208.93,"3,382,940,612","3,787,329,094"
bitcoin-cash,21-Nov-19,244.2,246.82,222.46,226.6,"2,401,952,813","4,107,271,775"
bitcoin-cash,20-Nov-19,244.34,248.62,241.52,244.24,"1,805,761,006","4,426,589,668"
bitcoin-cash,19-Nov-19,250.17,253.92,236.83,244.41,"2,131,441,345","4,429,141,571"
bitcoin-cash,18-Nov-19,268.47,269.8,246.33,250.18,"2,115,048,013","4,533,460,759"
bitcoin-cash,17-Nov-19,267.71,274.04,264.4,268.74,"1,565,942,482","4,869,324,517"
bitcoin-cash,16-Nov-19,264.96,269.5,263.4,267.7,"1,481,946,683","4,849,880,730"
bitcoin-cash,15-Nov-19,280.07,280.27,264.04,264.71,"1,918,658,721","4,795,268,314"
bitcoin-cash,14-Nov-19,286.24,287.01,277.44,279.56,"1,835,340,820","5,063,764,909"
bitcoin-cash,13-Nov-19,289.04,289.66,284.09,286.49,"1,555,824,951","5,188,837,230"
bitcoin-cash,12-Nov-19,287.18,291.64,284.55,289.24,"1,840,497,856","5,238,065,361"
bitcoin-cash,11-Nov-19,293.57,297.01,284.39,287.16,"1,873,466,817","5,199,842,645"
bitcoin-cash,10-Nov-19,282.73,296.04,281.32,293.48,"2,125,907,737","5,313,685,658"
bitcoin-cash,9-Nov-19,277.9,284.1,277.88,282.74,"1,689,515,654","5,118,863,818"
bitcoin-cash,8-Nov-19,293.83,294.61,274.3,277.98,"2,226,108,792","5,032,069,448"
bitcoin-cash,7-Nov-19,306.29,306.67,289.45,293.5,"2,183,103,768","5,312,581,525"
bitcoin-cash,6-Nov-19,293.46,307.36,292.64,306.23,"2,418,826,077","5,542,406,467"
bitcoin-cash,5-Nov-19,291.78,295.8,287.93,293.71,"2,269,171,137","5,315,239,099"
bitcoin-cash,4-Nov-19,292.8,293.98,286.84,291.85,"2,478,124,574","5,281,034,076"
bitcoin-cash,3-Nov-19,290.73,303.13,283.73,292.71,"2,598,715,593","5,296,136,970"
bitcoin-cash,2-Nov-19,279.22,295.23,278.98,290.72,"2,353,771,063","5,259,529,632"
bitcoin-cash,1-Nov-19,284.49,284.49,274.11,279.14,"2,375,427,805","5,049,556,631"
bitcoin-cash,31-Oct-19,290.4,296.56,274.43,284.48,"2,933,178,100","5,145,642,139"
bitcoin-cash,30-Oct-19,289.19,303.61,285.74,290.63,"3,583,344,209","5,256,428,279"
bitcoin-cash,29-Oct-19,265.38,295.47,264.28,288.96,"4,123,613,696","5,225,681,741"
bitcoin-cash,28-Oct-19,261.15,274.81,260.11,265.41,"3,107,818,242","4,799,371,733"
bitcoin-cash,27-Oct-19,252.56,265.96,246.34,261.25,"3,228,198,618","4,723,673,729"
bitcoin-cash,26-Oct-19,259.53,277.12,244.46,252.51,"3,875,753,112","4,565,115,347"
bitcoin-cash,25-Oct-19,214.21,265.03,213.81,259.17,"3,309,084,358","4,685,079,701"
cardano,4-Dec-19,0.037906,0.038533,0.03655,0.037405,"51,692,274","969,802,335"
cardano,3-Dec-19,0.038047,0.038761,0.037226,0.037917,"34,356,883","983,080,974"
cardano,2-Dec-19,0.039612,0.039769,0.03758,0.038056,"43,069,274","986,684,920"
cardano,1-Dec-19,0.040426,0.040426,0.038467,0.039587,"59,641,355","1,026,365,437"
cardano,30-Nov-19,0.041416,0.042268,0.040068,0.040425,"64,184,926","1,048,107,282"
cardano,29-Nov-19,0.039227,0.04204,0.039194,0.041423,"99,506,198","1,073,986,624"
cardano,28-Nov-19,0.039129,0.03999,0.038641,0.03919,"60,743,403","1,016,079,672"
cardano,27-Nov-19,0.036955,0.0398,0.035783,0.039049,"76,841,561","1,012,420,887"
cardano,26-Nov-19,0.036046,0.037074,0.035705,0.036993,"57,431,470","959,117,573"
cardano,25-Nov-19,0.035543,0.037184,0.033336,0.036048,"96,694,224","934,626,616"
cardano,24-Nov-19,0.038371,0.038916,0.035556,0.035588,"62,998,664","922,680,695"
cardano,23-Nov-19,0.037159,0.038423,0.036701,0.038343,"58,979,321","994,122,170"
cardano,22-Nov-19,0.038447,0.038685,0.034611,0.037148,"93,310,136","963,130,806"
cardano,21-Nov-19,0.041169,0.041249,0.037727,0.038406,"67,101,708","995,755,250"
cardano,20-Nov-19,0.042588,0.042794,0.040809,0.041178,"69,854,304","1,067,634,701"
cardano,19-Nov-19,0.043697,0.044451,0.041383,0.042542,"91,311,583","1,102,995,485"
cardano,18-Nov-19,0.045403,0.046652,0.043543,0.043802,"106,595,679","1,135,647,864"
cardano,17-Nov-19,0.044153,0.046423,0.04367,0.045421,"74,834,540","1,177,627,885"
cardano,16-Nov-19,0.043978,0.044655,0.043511,0.044172,"61,781,146","1,145,239,519"
cardano,15-Nov-19,0.04313,0.044432,0.042329,0.043974,"81,592,975","1,140,128,777"
cardano,14-Nov-19,0.043489,0.04355,0.042399,0.043119,"53,295,194","1,117,958,882"
cardano,13-Nov-19,0.043722,0.044044,0.04332,0.043492,"42,332,678","1,127,632,602"
cardano,12-Nov-19,0.043257,0.044631,0.043227,0.043767,"79,520,150","1,134,751,210"
cardano,11-Nov-19,0.043971,0.044122,0.042499,0.043194,"57,846,910","1,119,896,696"
cardano,10-Nov-19,0.042438,0.044227,0.042388,0.043958,"71,691,725","1,139,696,016"
cardano,9-Nov-19,0.042298,0.042755,0.042139,0.042445,"41,365,742","1,100,480,940"
cardano,8-Nov-19,0.043644,0.043837,0.04138,0.042297,"70,275,428","1,096,640,030"
cardano,7-Nov-19,0.044928,0.045018,0.042724,0.043637,"63,525,683","1,131,378,703"
cardano,6-Nov-19,0.044301,0.046105,0.043826,0.044956,"71,743,244","1,165,576,446"
cardano,5-Nov-19,0.043261,0.044928,0.043232,0.044328,"82,868,890","1,149,307,855"
cardano,4-Nov-19,0.041889,0.043257,0.041607,0.043236,"62,120,503","1,120,989,389"
cardano,3-Nov-19,0.042581,0.042684,0.041358,0.04193,"38,559,537","1,087,128,848"
cardano,2-Nov-19,0.042336,0.042745,0.042069,0.042599,"47,127,524","1,104,469,763"
cardano,1-Nov-19,0.041645,0.042858,0.04124,0.042345,"60,880,837","1,097,888,791"
cardano,31-Oct-19,0.041963,0.042792,0.040456,0.041636,"65,333,067","1,079,489,291"
cardano,30-Oct-19,0.043428,0.044337,0.041334,0.041967,"87,541,890","1,088,083,802"
cardano,29-Oct-19,0.042328,0.043819,0.042259,0.043444,"83,357,024","1,126,380,670"
cardano,28-Oct-19,0.042315,0.044553,0.042051,0.042363,"101,906,301","1,098,341,833"
cardano,27-Oct-19,0.040537,0.042985,0.039637,0.042335,"122,643,093","1,097,616,330"
cardano,26-Oct-19,0.04122,0.043177,0.039668,0.040547,"122,861,125","1,051,275,058"
cardano,25-Oct-19,0.037678,0.041799,0.037581,0.041246,"80,455,621","1,069,400,506"
cardano,24-Oct-19,0.036409,0.038109,0.036203,0.037685,"49,800,738","977,063,811"
eos,4-Dec-19,2.7,2.74,2.6,2.65,"1,991,656,646","2,497,719,668"
eos,3-Dec-19,2.69,2.74,2.65,2.7,"1,391,933,885","2,549,066,942"
eos,2-Dec-19,2.78,2.8,2.66,2.69,"1,641,895,350","2,531,453,856"
eos,1-Dec-19,2.76,2.84,2.68,2.78,"1,792,147,034","2,618,290,742"
eos,30-Nov-19,2.8,2.83,2.74,2.76,"1,537,950,803","2,598,670,742"
eos,29-Nov-19,2.64,2.8,2.64,2.8,"1,899,935,358","2,636,173,142"
eos,28-Nov-19,2.69,2.76,2.62,2.64,"1,514,999,632","2,483,560,320"
eos,27-Nov-19,2.63,2.73,2.53,2.69,"2,247,567,344","2,532,133,843"
eos,26-Nov-19,2.53,2.65,2.53,2.63,"1,894,353,525","2,479,535,254"
eos,25-Nov-19,2.45,2.6,2.37,2.54,"3,240,749,705","2,387,930,189"
eos,24-Nov-19,2.72,2.73,2.45,2.45,"2,906,089,979","2,307,205,605"
eos,23-Nov-19,2.63,2.73,2.59,2.72,"2,021,876,981","2,564,872,526"
eos,22-Nov-19,2.83,2.85,2.51,2.63,"3,602,118,620","2,477,842,442"
eos,21-Nov-19,3.1,3.12,2.79,2.83,"2,542,236,471","2,659,185,420"
eos,20-Nov-19,3.15,3.18,3.09,3.1,"1,963,218,325","2,914,257,086"
eos,19-Nov-19,3.23,3.27,3.07,3.15,"2,304,230,672","2,965,681,898"
eos,18-Nov-19,3.42,3.46,3.15,3.23,"2,272,078,620","3,035,722,432"
eos,17-Nov-19,3.41,3.47,3.37,3.42,"1,573,105,687","3,218,347,132"
eos,16-Nov-19,3.34,3.41,3.33,3.41,"1,466,435,139","3,203,173,411"
eos,15-Nov-19,3.42,3.48,3.33,3.34,"2,058,586,140","3,145,080,225"
eos,14-Nov-19,3.48,3.49,3.39,3.42,"1,728,331,755","3,215,424,716"
eos,13-Nov-19,3.48,3.5,3.45,3.48,"1,828,134,783","3,271,483,468"
eos,12-Nov-19,3.45,3.53,3.43,3.48,"2,404,898,305","3,273,174,725"
eos,11-Nov-19,3.59,3.6,3.44,3.45,"2,044,553,191","3,240,138,787"
eos,10-Nov-19,3.49,3.61,3.48,3.58,"2,399,902,626","3,368,114,310"
eos,9-Nov-19,3.42,3.5,3.42,3.49,"1,937,769,184","3,277,616,855"
eos,8-Nov-19,3.5,3.55,3.39,3.42,"2,561,508,538","3,213,675,374"
eos,7-Nov-19,3.62,3.63,3.46,3.5,"2,352,629,788","3,283,847,627"
eos,6-Nov-19,3.62,3.67,3.57,3.62,"2,422,013,167","3,402,662,724"
eos,5-Nov-19,3.45,3.66,3.41,3.62,"3,098,696,039","3,398,966,741"
eos,4-Nov-19,3.29,3.48,3.26,3.45,"2,622,910,762","3,234,215,785"
eos,3-Nov-19,3.33,3.35,3.22,3.28,"1,747,407,101","3,083,125,737"
eos,2-Nov-19,3.35,3.39,3.31,3.33,"1,853,095,765","3,129,373,031"
eos,1-Nov-19,3.28,3.38,3.24,3.35,"2,155,169,872","3,147,694,261"
eos,31-Oct-19,3.3,3.37,3.2,3.28,"2,214,401,900","3,073,979,520"
eos,30-Oct-19,3.41,3.41,3.22,3.3,"2,485,786,630","3,093,636,013"
eos,29-Oct-19,3.29,3.45,3.29,3.41,"2,600,414,930","3,196,064,369"
eos,28-Oct-19,3.34,3.5,3.26,3.3,"3,132,020,604","3,092,271,494"
eos,27-Oct-19,3.14,3.44,3.09,3.34,"3,568,565,292","3,130,088,275"
eos,26-Oct-19,3.18,3.48,3.02,3.14,"4,412,536,644","2,940,437,151"
ethereum,4-Dec-19,147.92,150.68,145,146.75,"7,865,937,094","15,966,157,442"
ethereum,3-Dec-19,149.06,150.31,146,147.96,"6,204,379,850","16,095,928,402"
ethereum,2-Dec-19,151.18,152.12,147.61,149.06,"6,670,561,362","16,214,125,032"
ethereum,1-Dec-19,152.49,152.49,147.07,151.19,"7,102,780,298","16,443,650,814"
ethereum,30-Nov-19,155.29,156.69,151.23,152.54,"6,565,950,868","16,589,132,426"
ethereum,29-Nov-19,151.77,156.85,151.46,155.3,"7,503,898,278","16,887,922,522"
ethereum,28-Nov-19,153.07,156.61,151.09,151.72,"7,346,531,960","16,496,129,470"
ethereum,27-Nov-19,148.4,154.89,143.53,153.01,"8,778,095,308","16,634,910,472"
ethereum,26-Nov-19,146.4,150,145.22,148.97,"7,648,516,297","16,193,326,033"
ethereum,25-Nov-19,142.7,150.21,133.8,146.48,"10,962,753,356","15,921,080,564"
ethereum,24-Nov-19,153.43,153.97,142.83,142.83,"7,782,769,098","15,523,459,920"
ethereum,23-Nov-19,150.21,154.1,147.6,153.42,"8,289,198,330","16,671,705,910"
ethereum,22-Nov-19,161.51,163.03,142.34,150.27,"12,020,749,863","16,327,536,038"
ethereum,21-Nov-19,175.67,176.21,159.37,161.46,"8,546,371,325","17,541,867,626"
ethereum,20-Nov-19,177.42,178.99,175.29,175.7,"7,205,785,149","19,086,228,092"
ethereum,19-Nov-19,180.5,182.53,175.2,177.46,"7,536,699,743","19,274,876,583"
ethereum,18-Nov-19,185.04,186.93,179.18,180.56,"7,787,662,111","19,609,782,345"
ethereum,17-Nov-19,183.35,188.19,182.34,185.12,"7,364,325,471","20,102,654,601"
ethereum,16-Nov-19,180.5,184.16,179.99,183.35,"6,789,888,120","19,908,020,821"
ethereum,15-Nov-19,186.06,186.25,179.38,180.52,"8,815,678,477","19,598,770,324"
ethereum,14-Nov-19,188.27,188.63,184.99,186,"7,872,664,470","20,191,206,220"
ethereum,13-Nov-19,186.94,189.33,185.94,188.26,"7,343,173,596","20,434,064,781"
ethereum,12-Nov-19,185.56,187.95,184.19,186.84,"7,792,186,666","20,278,071,676"
ethereum,11-Nov-19,189.5,190.34,185.09,185.49,"7,877,424,106","20,128,792,760"
ethereum,10-Nov-19,184.94,190.92,184.69,189.48,"8,752,784,211","20,559,121,065"
ethereum,9-Nov-19,184.31,185.84,183.9,185.03,"7,277,418,704","20,074,095,541"
ethereum,8-Nov-19,187.92,188.82,182.54,184.21,"9,176,780,911","19,983,058,356"
ethereum,7-Nov-19,191.5,191.86,186.57,187.98,"9,081,247,799","20,389,037,934"
ethereum,6-Nov-19,189.11,193.55,188.67,191.59,"10,156,458,684","20,778,894,603"
ethereum,5-Nov-19,186.31,191.26,184.33,189.3,"10,024,177,342","20,528,094,420"
ethereum,4-Nov-19,182.32,188.02,181.82,186.36,"10,551,917,945","20,205,859,402"
ethereum,3-Nov-19,183.99,185.02,179.82,182.43,"8,760,247,744","19,777,347,724"
ethereum,2-Nov-19,184.02,185.71,182.8,183.93,"8,087,991,830","19,937,622,287"
ethereum,1-Nov-19,183.8,185.06,181.09,183.97,"9,145,611,130","19,940,014,311"
ethereum,31-Oct-19,184.8,188.75,180.07,183.97,"9,607,939,606","19,937,256,794"
ethereum,30-Oct-19,190.34,191.11,181.55,184.69,"10,484,902,804","20,013,431,227"
ethereum,29-Oct-19,182.67,191.85,182.36,190.34,"10,622,761,958","20,623,205,054"
ethereum,28-Oct-19,184.4,187.88,180.25,182.66,"10,406,734,124","19,788,729,316"
ethereum,27-Oct-19,179.93,188.16,177.68,184.24,"10,815,941,952","19,957,408,085"
ethereum,26-Oct-19,181.67,195.94,176.13,179.84,"13,831,784,986","19,477,741,705"
ethereum,25-Oct-19,162.19,183,161.97,181.52,"10,358,594,018","19,658,140,299"
ethereum,24-Oct-19,162.51,164.15,160.89,162.17,"7,300,917,537","17,560,021,218"
ethereum,23-Oct-19,172.26,172.42,157.46,162.4,"9,624,925,919","17,583,244,177"
ethereum,22-Oct-19,174.91,175.65,172.27,172.3,"6,990,951,966","18,652,588,580"
ethereum,21-Oct-19,175.52,177.74,173.29,174.92,"6,815,820,627","18,933,882,640"
ethereum,20-Oct-19,172.97,176.72,171.21,175.53,"6,801,091,120","18,997,957,789"
ethereum,19-Oct-19,173.65,175.61,172.22,172.91,"6,551,453,871","18,711,940,303"
ethereum,18-Oct-19,177.99,178.18,171.01,173.62,"7,566,257,807","18,786,275,035"
ethereum,17-Oct-19,175.91,178.9,174.57,178.03,"6,737,237,423","19,260,755,682"
ethereum,16-Oct-19,181.34,181.67,174.06,176.01,"7,691,244,590","19,040,429,002"
ethereum,15-Oct-19,186.98,187.76,179.46,181.41,"7,731,456,579","19,621,350,993"
ethereum,14-Oct-19,182.03,187.3,181.66,186.96,"7,276,520,699","20,219,637,357"
litecoin,4-Dec-19,45.4,46.54,44.58,45.19,"2,951,880,019","2,882,011,362"
litecoin,3-Dec-19,45.78,46.62,44.76,45.38,"2,557,212,174","2,893,726,010"
litecoin,2-Dec-19,47.65,47.81,45.32,45.82,"2,680,452,035","2,921,144,389"
litecoin,1-Dec-19,47.46,48.3,46.24,47.71,"2,781,413,686","3,041,545,709"
litecoin,30-Nov-19,48.91,49.28,47.09,47.48,"2,678,481,167","3,026,175,357"
litecoin,29-Nov-19,47.09,49.32,47.09,48.88,"2,944,492,393","3,115,330,867"
litecoin,28-Nov-19,48,48.55,47.02,47.06,"2,662,459,127","2,998,875,250"
litecoin,27-Nov-19,47.16,48.52,45.44,48.01,"2,979,663,352","3,059,223,170"
litecoin,26-Nov-19,45.81,47.54,45.66,47.27,"2,659,405,400","3,012,041,642"
litecoin,25-Nov-19,44.77,47.27,42.96,45.83,"3,408,224,795","2,919,784,838"
litecoin,24-Nov-19,48.71,48.78,44.73,44.73,"2,709,705,879","2,849,656,912"
litecoin,23-Nov-19,47.62,48.71,46.78,48.71,"2,746,902,870","3,104,760,987"
litecoin,22-Nov-19,50.88,51.39,44.89,47.62,"3,734,545,939","3,034,882,008"
litecoin,21-Nov-19,55.28,55.44,50.15,50.88,"3,158,748,317","3,242,806,030"
litecoin,20-Nov-19,55.63,56.66,55.09,55.29,"2,858,714,058","3,523,320,531"
litecoin,19-Nov-19,56.8,57.59,54.94,55.62,"3,030,389,859","3,544,160,660"
litecoin,18-Nov-19,59.57,60.08,55.86,56.8,"3,131,873,188","3,618,749,968"
litecoin,17-Nov-19,58.6,60.67,58.34,59.57,"3,215,100,478","3,794,900,734"
litecoin,16-Nov-19,57.79,59.18,57.47,58.57,"2,841,793,395","3,730,285,758"
litecoin,15-Nov-19,59.48,60.47,57.54,57.81,"3,195,878,562","3,681,894,624"
litecoin,14-Nov-19,61.08,61.22,59.42,59.43,"3,040,274,519","3,784,543,703"
litecoin,13-Nov-19,61.37,62.06,60.87,61.11,"3,094,050,321","3,891,188,361"
litecoin,12-Nov-19,61.93,62.47,60.69,61.34,"3,333,604,208","3,905,317,178"
litecoin,11-Nov-19,63.78,64.34,61.37,61.9,"3,033,016,472","3,940,458,193"
litecoin,10-Nov-19,61.9,64.6,61.81,63.84,"3,611,586,094","4,063,643,936"
litecoin,9-Nov-19,60.49,62.15,60.38,61.95,"2,849,228,741","3,943,126,748"
litecoin,8-Nov-19,61.88,62.45,59.51,60.53,"3,414,910,991","3,852,007,191"
litecoin,7-Nov-19,64.24,64.41,61.08,61.84,"3,557,191,963","3,935,124,153"
litecoin,6-Nov-19,63.35,64.27,62.96,64.27,"3,755,244,863","4,088,991,803"
litecoin,5-Nov-19,61.58,64,61.32,63.3,"4,725,921,529","4,027,051,778"
litecoin,4-Nov-19,58.6,62.18,58.38,61.57,"4,164,854,559","3,916,584,191"
litecoin,3-Nov-19,58.59,58.97,57.64,58.63,"3,259,935,586","3,728,676,102"
litecoin,2-Nov-19,58.58,59.33,58.22,58.6,"3,353,942,166","3,726,483,415"
litecoin,1-Nov-19,58.75,58.75,57.72,58.58,"3,425,154,368","3,725,245,520"
litecoin,31-Oct-19,58.36,60.08,57.69,58.78,"3,165,801,278","3,737,406,895"
litecoin,30-Oct-19,59.87,60.89,57.6,58.42,"3,387,114,095","3,714,109,861"
litecoin,29-Oct-19,58.05,60.66,58.05,59.87,"3,582,210,705","3,805,805,251"
litecoin,28-Oct-19,59.92,61.91,57.67,58.13,"3,793,848,576","3,694,652,651"
litecoin,27-Oct-19,56.8,61.87,55.92,59.91,"4,218,140,032","3,807,830,063"
litecoin,26-Oct-19,56.95,61.73,54.73,56.78,"5,234,627,157","3,607,985,867"
litecoin,25-Oct-19,50.11,57.32,49.61,56.94,"3,770,902,916","3,618,037,380"
litecoin,24-Oct-19,49.68,50.47,49.02,50.07,"2,650,862,714","3,181,078,150"
litecoin,23-Oct-19,53.75,53.82,48.5,49.63,"3,077,488,277","3,152,820,838"
litecoin,22-Oct-19,54.93,55.29,53.64,53.74,"2,490,194,232","3,413,955,637"
litecoin,21-Oct-19,54.92,55.56,54.02,54.94,"2,727,253,951","3,489,419,289"
litecoin,20-Oct-19,54.06,55.44,53.22,54.93,"2,612,273,453","3,488,800,281"
stellar,4-Dec-19,0.055917,0.056422,0.054416,0.055419,"207,789,246","1,111,416,307"
stellar,3-Dec-19,0.056042,0.056821,0.055417,0.05598,"150,835,452","1,122,669,946"
stellar,2-Dec-19,0.058098,0.058214,0.055986,0.056078,"204,095,722","1,124,621,901"
stellar,1-Dec-19,0.059751,0.059877,0.05654,0.058082,"214,999,370","1,164,817,487"
stellar,30-Nov-19,0.059306,0.060415,0.057283,0.059641,"228,259,886","1,196,086,467"
stellar,29-Nov-19,0.058212,0.060932,0.058165,0.059152,"241,666,196","1,186,271,902"
stellar,28-Nov-19,0.059208,0.060486,0.058179,0.058225,"224,143,848","1,167,681,753"
stellar,27-Nov-19,0.058393,0.059952,0.056166,0.059057,"260,781,107","1,184,377,699"
stellar,26-Nov-19,0.057542,0.059103,0.05652,0.058553,"218,983,844","1,174,266,799"
stellar,25-Nov-19,0.056791,0.059389,0.05375,0.057595,"548,798,088","1,155,059,103"
stellar,24-Nov-19,0.060602,0.061783,0.056881,0.056881,"795,594,528","1,140,743,320"
stellar,23-Nov-19,0.059405,0.061716,0.057753,0.060364,"262,945,614","1,210,579,252"
stellar,22-Nov-19,0.061737,0.061868,0.056237,0.059502,"304,545,334","1,193,303,118"
stellar,21-Nov-19,0.065522,0.065701,0.061047,0.061683,"251,644,441","1,237,034,117"
stellar,20-Nov-19,0.065691,0.06632,0.06454,0.065502,"219,882,275","1,313,627,943"
stellar,19-Nov-19,0.068291,0.068679,0.06481,0.065751,"287,651,893","1,318,630,467"
stellar,18-Nov-19,0.072133,0.072261,0.066962,0.068304,"245,433,022","1,369,817,366"
stellar,17-Nov-19,0.071848,0.073095,0.071784,0.072137,"197,097,974","1,446,685,558"
stellar,16-Nov-19,0.072347,0.072805,0.071748,0.071906,"173,395,847","1,442,049,711"
stellar,15-Nov-19,0.074816,0.074972,0.071935,0.072335,"222,062,024","1,450,653,587"
stellar,14-Nov-19,0.076506,0.076611,0.074027,0.07474,"217,039,030","1,498,902,353"
stellar,13-Nov-19,0.077092,0.077628,0.07618,0.076576,"240,329,082","1,535,722,377"
stellar,12-Nov-19,0.079813,0.082018,0.075886,0.077072,"359,731,187","1,545,652,295"
stellar,11-Nov-19,0.078234,0.080633,0.076396,0.079809,"290,695,867","1,600,544,208"
stellar,10-Nov-19,0.072877,0.079768,0.072733,0.078228,"343,258,930","1,568,851,587"
stellar,9-Nov-19,0.071845,0.073439,0.07162,0.072812,"187,035,481","1,460,226,718"
stellar,8-Nov-19,0.075006,0.076303,0.07055,0.071888,"271,749,982","1,441,694,136"
stellar,7-Nov-19,0.078343,0.078494,0.074204,0.075014,"332,631,177","1,504,398,663"
stellar,6-Nov-19,0.082237,0.08319,0.077835,0.078435,"352,059,614","1,573,003,648"
stellar,5-Nov-19,0.076817,0.085214,0.076808,0.082164,"762,923,850","1,647,781,065"
stellar,4-Nov-19,0.069165,0.07639,0.067937,0.07639,"347,400,349","1,531,981,226"
stellar,3-Nov-19,0.071283,0.071871,0.068081,0.069091,"310,422,869","1,385,608,526"
stellar,2-Nov-19,0.069217,0.071289,0.069216,0.071264,"287,438,284","1,429,192,254"
stellar,1-Nov-19,0.065189,0.071221,0.064798,0.069231,"412,594,573","1,388,418,168"
stellar,31-Oct-19,0.064612,0.065444,0.062958,0.065215,"279,328,071","1,307,869,766"
stellar,30-Oct-19,0.066276,0.066611,0.063378,0.064568,"271,281,036","1,294,901,834"
stellar,29-Oct-19,0.064768,0.068255,0.064701,0.066185,"279,077,969","1,327,327,934"
stellar,28-Oct-19,0.064549,0.067163,0.064312,0.064778,"325,857,618","1,298,131,301"
stellar,27-Oct-19,0.062585,0.064588,0.061923,0.064513,"287,822,040","1,292,824,227"
stellar,26-Oct-19,0.06374,0.066609,0.062198,0.062557,"347,428,869","1,253,637,953"
stellar,25-Oct-19,0.060642,0.064598,0.060078,0.063761,"302,338,874","1,277,752,865"
stellar,24-Oct-19,0.060058,0.061739,0.059206,0.060612,"235,695,883","1,214,643,198"
stellar,23-Oct-19,0.062935,0.063606,0.058735,0.059984,"257,731,071","1,201,815,663"
stellar,22-Oct-19,0.064045,0.064512,0.062745,0.062811,"191,351,126","1,258,466,973"
stellar,21-Oct-19,0.06326,0.064159,0.063026,0.063975,"189,287,650","1,281,740,024"
stellar,20-Oct-19,0.063102,0.063676,0.062539,0.063247,"228,457,502","1,267,150,236"
stellar,19-Oct-19,0.063758,0.063817,0.062863,0.06309,"212,225,225","1,264,000,391"
stellar,18-Oct-19,0.064537,0.064606,0.062393,0.063717,"258,071,462","1,276,553,895"
stellar,17-Oct-19,0.06243,0.064572,0.061928,0.064547,"258,080,003","1,293,197,546"
stellar,16-Oct-19,0.064319,0.064837,0.061611,0.062401,"234,805,479","1,250,201,473"
stellar,15-Oct-19,0.064919,0.065527,0.063154,0.064264,"231,975,480","1,287,400,269"
stellar,14-Oct-19,0.060187,0.064944,0.060185,0.064925,"212,625,324","1,300,593,743"
tether,4-Dec-19,1,1.02,0.981153,1.01,"24,761,899,935","4,140,656,482"
tether,3-Dec-19,1,1.01,0.991071,1,"16,691,088,420","4,120,924,295"
tether,2-Dec-19,1,1.02,0.991988,1,"19,093,390,526","4,114,951,368"
tether,1-Dec-19,1,1.02,0.99508,1,"21,027,847,332","4,118,235,661"
tether,30-Nov-19,1,1.02,0.998375,1,"19,145,198,648","4,115,041,871"
tether,29-Nov-19,1,1.01,0.992586,1,"22,304,763,156","4,126,616,332"
tether,28-Nov-19,1,1.02,1,1,"21,502,793,846","4,124,805,294"
tether,27-Nov-19,1,1.03,0.981392,1.01,"27,416,693,309","4,128,694,013"
tether,26-Nov-19,1,1.02,0.995267,1.01,"23,545,460,689","4,148,191,320"
tether,25-Nov-19,1.01,1.02,0.993995,1,"33,648,447,519","4,120,837,393"
tether,24-Nov-19,1.01,1.03,1,1.02,"25,990,545,761","4,180,011,937"
tether,23-Nov-19,1,1.03,0.998878,1.01,"24,605,070,720","4,161,983,862"
tether,22-Nov-19,1,1.02,0.991656,1,"39,068,899,485","4,120,554,484"
tether,21-Nov-19,1.01,1.02,0.998885,1,"26,004,738,831","4,109,731,631"
tether,20-Nov-19,1.01,1.02,1,1.01,"22,255,938,426","4,130,393,647"
tether,19-Nov-19,1.01,1.03,1,1.01,"23,104,090,327","4,144,883,422"
tether,18-Nov-19,1.01,1.02,1,1.01,"24,102,161,964","4,157,375,252"
tether,17-Nov-19,1.01,1.02,1,1.01,"20,418,489,157","4,142,844,476"
tether,16-Nov-19,1,1.01,1,1.01,"18,225,904,912","4,135,759,004"
tether,15-Nov-19,1.01,1.02,0.995398,1,"25,291,395,573","4,113,666,666"
tether,14-Nov-19,1,1.01,0.998471,1.01,"21,911,169,228","4,130,975,243"
tether,13-Nov-19,1,1.01,0.999717,1,"20,071,939,197","4,121,088,708"
tether,12-Nov-19,1,1.01,0.997774,1,"23,449,537,112","4,113,788,114"
tether,11-Nov-19,1,1.01,0.997627,1,"23,739,145,075","4,118,061,437"
tether,10-Nov-19,1,1.01,0.988144,1,"24,552,202,767","4,119,110,881"
tether,9-Nov-19,1,1.01,0.998939,1,"20,459,420,156","4,108,822,609"
tether,8-Nov-19,1.01,1.01,0.998418,1,"28,749,114,086","4,118,305,231"
tether,7-Nov-19,1,1.01,0.997957,1.01,"27,694,410,589","4,131,592,434"
tether,6-Nov-19,1.01,1.01,1,1,"28,578,448,466","4,120,504,628"
tether,5-Nov-19,1,1.01,0.996082,1,"30,721,581,637","4,127,530,034"
tether,4-Nov-19,1,1.01,0.99369,1,"30,710,349,697","4,125,883,665"
tether,3-Nov-19,1.01,1.01,0.998527,1,"24,597,499,287","4,126,314,409"
tether,2-Nov-19,1,1.01,0.997896,1,"23,973,071,925","4,127,588,892"
tether,1-Nov-19,1.01,1.01,1,1,"27,864,589,885","4,124,890,871"
tether,31-Oct-19,1.01,1.03,0.998004,1.01,"30,727,310,848","4,134,412,347"
tether,30-Oct-19,1,1.01,0.99934,1.01,"32,807,890,269","4,132,087,645"
tether,29-Oct-19,1,1.01,0.992977,1,"35,047,512,730","4,116,816,180"
tether,28-Oct-19,1,1.01,0.978821,1,"38,665,694,771","4,119,771,724"
tether,27-Oct-19,1,1.01,0.97702,1,"40,519,447,549","4,125,469,824"
tether,26-Oct-19,1,1.01,0.969353,1,"53,509,128,965","4,114,596,274"
tether,25-Oct-19,1.01,1.01,0.976078,1,"37,383,241,390","4,116,967,974"
xrp,4-Dec-19,0.219824,0.22177,0.212603,0.216348,"1,427,312,577","9,364,745,688"
xrp,3-Dec-19,0.219516,0.223179,0.216675,0.21987,"1,017,648,495","9,517,202,026"
xrp,2-Dec-19,0.225386,0.227203,0.217283,0.219581,"1,187,513,777","9,507,818,760"
xrp,1-Dec-19,0.226466,0.226525,0.220253,0.225333,"1,176,237,060","9,756,884,341"
xrp,30-Nov-19,0.230232,0.233615,0.224546,0.226474,"1,160,032,624","9,806,315,573"
xrp,29-Nov-19,0.224623,0.231636,0.224129,0.230217,"1,325,761,774","9,968,382,707"
xrp,28-Nov-19,0.225221,0.231131,0.224198,0.22457,"1,244,175,231","9,723,838,882"
xrp,27-Nov-19,0.221845,0.228498,0.216199,0.225081,"1,608,881,984","9,745,970,911"
xrp,26-Nov-19,0.218464,0.223212,0.214957,0.222145,"1,322,723,640","9,618,843,673"
xrp,25-Nov-19,0.222832,0.225923,0.207013,0.218622,"9,415,068,271","9,466,286,656"
xrp,24-Nov-19,0.236227,0.236373,0.223184,0.223184,"2,932,397,174","9,663,857,831"
xrp,23-Nov-19,0.231574,0.236188,0.227707,0.236188,"1,480,512,363","10,226,933,084"
xrp,22-Nov-19,0.243775,0.246417,0.225687,0.2316,"2,012,230,945","10,028,238,451"
xrp,21-Nov-19,0.251316,0.253512,0.240784,0.243766,"1,586,333,624","10,555,043,277"
xrp,20-Nov-19,0.256545,0.259139,0.250331,0.251364,"1,319,069,498","10,884,017,518"
xrp,19-Nov-19,0.255646,0.258563,0.246971,0.2565,"1,420,685,334","11,106,437,807"
xrp,18-Nov-19,0.265137,0.265514,0.249842,0.255653,"1,452,996,115","11,069,403,326"
xrp,17-Nov-19,0.264009,0.269385,0.262832,0.265253,"1,273,573,229","11,485,052,604"
xrp,16-Nov-19,0.261694,0.265443,0.260609,0.263886,"1,195,333,401","11,425,884,645"
xrp,15-Nov-19,0.270463,0.271049,0.259878,0.261654,"1,548,251,349","11,329,241,896"
xrp,14-Nov-19,0.272903,0.273868,0.268069,0.270391,"1,264,478,184","11,707,513,880"
xrp,13-Nov-19,0.272379,0.275665,0.271303,0.273036,"1,278,922,350","11,822,051,383"
xrp,12-Nov-19,0.275179,0.277042,0.270781,0.272418,"1,404,766,289","11,795,294,866"
xrp,11-Nov-19,0.280164,0.281727,0.272008,0.275086,"1,437,677,669","11,910,794,571"
xrp,10-Nov-19,0.280273,0.283117,0.276669,0.280204,"1,557,437,413","12,132,388,502"
xrp,9-Nov-19,0.276863,0.282471,0.276328,0.280196,"1,449,652,131","12,117,941,815"
xrp,8-Nov-19,0.292438,0.292612,0.274005,0.276953,"2,026,687,432","11,977,697,598"
xrp,7-Nov-19,0.310175,0.313278,0.283395,0.292431,"2,430,065,390","12,647,080,586"
xrp,6-Nov-19,0.301103,0.311605,0.298735,0.310086,"1,790,567,871","13,410,631,514"
xrp,5-Nov-19,0.299906,0.304524,0.297917,0.301255,"1,964,177,330","13,028,715,563"
xrp,4-Nov-19,0.291236,0.299949,0.290893,0.299937,"1,647,597,869","12,971,721,432"
xrp,3-Nov-19,0.296272,0.297173,0.288818,0.291261,"1,381,510,371","12,596,463,117"
xrp,2-Nov-19,0.292688,0.299039,0.292539,0.296263,"1,460,243,469","12,812,796,808"
xrp,1-Nov-19,0.296389,0.296487,0.288932,0.292642,"1,572,251,058","12,656,190,134"
xrp,31-Oct-19,0.296527,0.302379,0.290938,0.296358,"1,666,132,252","12,816,900,825"
xrp,30-Oct-19,0.301913,0.30518,0.292403,0.296555,"1,883,224,296","12,825,432,798"
xrp,29-Oct-19,0.295991,0.307984,0.295357,0.301956,"2,125,813,360","13,058,999,924"
xrp,28-Oct-19,0.298143,0.302837,0.293587,0.296007,"2,061,536,473","12,801,729,616"
xrp,27-Oct-19,0.293886,0.301481,0.289935,0.2981,"2,237,941,946","12,892,254,871"
xrp,26-Oct-19,0.298039,0.31029,0.286818,0.293699,"3,122,465,894","12,701,942,701"
xrp,25-Oct-19,0.278607,0.299947,0.27724,0.298165,"2,486,979,029","12,895,056,501"
xrp,24-Oct-19,0.274101,0.281281,0.269274,0.278491,"1,638,078,551","12,042,668,475"
xrp,23-Oct-19,0.291556,0.292737,0.260083,0.274143,"2,172,985,938","11,854,650,118"
xrp,22-Oct-19,0.293019,0.301484,0.291104,0.291607,"1,632,212,674","12,609,856,226"
